"gender","name.title","name.first","name.last","dob.date","dob.age"
"female",Ms,Mia,Lavoie,1955-12-28T18:52:13.640Z,67
"female",Mrs,Addison,Lo,1950-03-10T18:44:17.301Z,73
"male",Mr,Logan,French,1987-08-26T16:50:51.630Z,36
"female",Miss,Jeanne,Patel,1968-01-30T23:44:59.287Z,55
"male",Mr,Mathis,Johnson,1960-04-28T22:46:58.368Z,63
"male",Mr,Noah,Jones,1947-03-31T05:01:33.986Z,76
"female",Miss,Julia,Novak,1966-08-07T03:22:28.535Z,57
"female",Mrs,Alexis,Abraham,1966-02-28T19:11:08.906Z,57
"male",Mr,Jayden,Sirko,1979-05-05T14:29:47.523Z,44
"female",Mrs,Charlotte,Tremblay,1986-10-03T04:27:03.188Z,36
"male",Mr,Felix,Knight,2001-03-23T14:15:05.442Z,22
"male",Mr,Felix,Bouchard,1963-10-20T22:44:15.908Z,59
"female",Ms,Delphine,Addy,1948-02-09T19:29:46.424Z,75
"male",Mr,Nathan,Bergeron,1953-04-02T15:39:29.858Z,70
"female",Mrs,Jade,Brown,1953-05-05T02:45:48.579Z,70
"male",Mr,Thomas,Chan,1991-09-27T08:13:05.595Z,31
"male",Mr,Logan,Macdonald,1963-06-20T19:07:57.178Z,60
"male",Mr,Tristan,Lo,1993-06-13T12:07:03.629Z,30
"male",Mr,Emile,Harcourt,1985-08-06T21:33:11.132Z,38
"male",Mr,Jack,Williams,1975-08-20T05:59:25.066Z,48
"female",Miss,Justine,Lam,1966-04-14T18:04:02.567Z,57
"male",Mr,Leo,Ma,1997-04-12T02:36:14.413Z,26
"male",Mr,Mason,Chow,1960-03-20T01:50:28.126Z,63
"male",Mr,Nathan,Brown,1952-06-25T21:22:58.716Z,71
"female",Mrs,Lily,Mackay,1947-11-12T15:06:42.142Z,75
"female",Miss,Jasmine,Bélanger,1957-11-22T00:44:56.118Z,65
"female",Ms,Jasmine,Brar,1981-01-31T02:35:47.167Z,42
"female",Mrs,Jasmine,Claire,1991-02-21T11:54:37.572Z,32
"male",Mr,Olivier,Martin,1972-05-22T19:59:41.364Z,51
"male",Mr,David,Claire,1952-07-02T04:25:29.290Z,71
"male",Mr,Daniel,Singh,1980-11-03T01:22:47.137Z,42
"female",Ms,Aubrey,Fortin,1955-05-08T06:58:29.378Z,68
"female",Miss,Noémie,Morin,1992-11-23T01:30:12.689Z,30
"female",Miss,Alice,Williams,1950-11-15T14:25:50.774Z,72
"female",Ms,Marilou,Martin,1980-10-03T05:43:32.991Z,42
"male",Mr,Louis,Sirko,1962-07-24T05:21:07.764Z,61
"male",Mr,Alexis,Novak,1989-01-15T07:30:05.676Z,34
"female",Mrs,Olivia,Ouellet,1984-08-08T01:10:12.573Z,39
"male",Mr,Adam,Abraham,1981-08-09T04:09:48.164Z,42
"female",Ms,Emily,Martin,1975-06-10T22:52:35.451Z,48
"female",Mrs,Mia,Bouchard,1964-01-03T18:04:57.103Z,59
"male",Mr,Mathis,Slawa,1961-08-07T07:52:13.933Z,62
"male",Mr,Jayden,Williams,1960-08-25T18:47:25.410Z,63
"female",Miss,Rose,Pelletier,1977-12-04T14:18:03.857Z,45
"female",Mrs,Maeva,Gauthier,1987-02-06T07:37:39.861Z,36
"female",Ms,Clara,Chu,1959-06-09T14:05:57.676Z,64
"female",Miss,Charlie,Gagnon,1990-04-13T19:51:57.662Z,33
"female",Ms,Sophie,Slawa,1992-03-01T23:35:29.069Z,31
"female",Miss,Addison,French,1969-04-24T05:20:19.677Z,54
"female",Ms,Sofia,Gagnon,1981-08-19T17:56:36.053Z,42
"male",Mr,Maxime,Harcourt,2000-10-07T10:23:24.271Z,22
"male",Mr,Justin,Singh,1983-03-14T05:26:59.731Z,40
"male",Mr,Antoine,Li,1996-08-04T03:59:08.761Z,27
"female",Ms,Annabelle,Lam,1970-06-25T03:47:53.062Z,53
"female",Ms,Clara,Novak,1951-05-27T18:15:57.193Z,72
"male",Mr,Elliot,Anderson,1998-08-06T12:12:36.475Z,25
"female",Ms,Camille,Clark,1959-07-23T08:35:50.542Z,64
"male",Mr,Carter,Bouchard,1983-03-28T05:53:50.344Z,40
"male",Mr,Alexander,Ma,1989-09-24T06:39:11.623Z,33
"male",Mr,Arnaud,Pelletier,1956-11-18T00:04:42.808Z,66
"male",Mr,Blake,Kowalski,1995-06-23T15:37:02.505Z,28
"male",Mr,Lucas,Novak,1950-09-15T08:34:20.489Z,72
"female",Miss,Amelia,Fortin,1996-04-02T13:31:58.673Z,27
"female",Mrs,Camille,Bélanger,1983-12-23T23:56:05.345Z,39
"male",Mr,Nathan,Young,2000-06-10T10:29:07.001Z,23
"female",Mrs,Lily,Chan,1979-04-18T21:47:13.278Z,44
"female",Mrs,Delphine,Bélanger,1968-05-03T03:29:35.862Z,55
"male",Mr,David,Scott,1981-12-15T23:19:18.863Z,41
"female",Miss,Noémie,Morin,1990-05-16T13:44:20.372Z,33
"female",Ms,Emilie,Ginnish,1976-07-10T18:16:46.263Z,47
"female",Miss,Addison,White,1947-07-18T05:48:05.582Z,76
"female",Miss,Clara,White,1945-02-27T05:46:45.344Z,78
"male",Mr,Xavier,Johnson,1951-02-20T21:37:41.723Z,72
"male",Mr,Alexis,Fortin,1959-11-10T09:38:43.303Z,63
"female",Ms,Amy,Gauthier,1951-08-17T03:54:48.206Z,72
"male",Mr,Noah,Fortin,1947-09-04T14:40:17.812Z,76
"male",Mr,Olivier,Barnaby,1972-01-26T00:55:30.851Z,51
"female",Miss,Marilou,Singh,2000-04-25T17:28:17.582Z,23
"male",Mr,Ryan,Lam,1981-10-26T14:08:09.587Z,41
"female",Miss,Charlie,Sirko,1979-01-27T02:14:22.883Z,44
"male",Mr,Jayden,Chow,2000-02-18T22:48:16.538Z,23
"female",Miss,Brielle,Liu,1985-02-09T08:05:49.513Z,38
"female",Mrs,Florence,Fortin,1998-09-03T02:21:10.718Z,25
"male",Mr,Ryder,Park,1989-04-15T21:22:42.179Z,34
"male",Mr,Alexis,Brar,1994-12-19T22:12:33.159Z,28
"female",Ms,Maeva,Harris,1952-09-04T12:07:06.593Z,71
"male",Mr,Bently,Patel,1953-03-18T11:30:05.090Z,70
"male",Mr,Etienne,Addy,1987-04-06T10:41:17.190Z,36
"female",Mrs,Marilou,Andersen,1968-01-23T04:52:11.832Z,55
"male",Mr,Theo,Wong,1955-01-17T05:51:24.403Z,68
"male",Mr,Arnaud,Lévesque,1985-11-21T18:28:31.969Z,37
"female",Ms,Marianne,Ma,1994-09-12T09:52:17.021Z,28
"male",Mr,Xavier,Wilson,1986-03-13T22:22:44.528Z,37
"female",Ms,Marianne,Clark,1999-10-25T09:19:51.771Z,23
"female",Ms,Jade,Bouchard,1960-07-04T21:00:46.536Z,63
"female",Miss,Sofia,Bergeron,1960-05-13T02:50:34.590Z,63
"female",Mrs,Clara,Claire,1999-08-27T04:18:15.941Z,24
"male",Mr,Alexandre,Tremblay,2000-01-11T07:46:34.678Z,23
"female",Ms,Marianne,Andersen,1985-02-20T03:40:38.438Z,38
"female",Mrs,Annabelle,Campbell,2000-08-27T17:50:16.677Z,23
"female",Miss,Ariane,Ma,1983-01-29T20:27:44.225Z,40
"female",Miss,Amy,Walker,1991-01-18T09:56:41.078Z,32
"male",Mr,Arnaud,Young,1959-02-27T23:44:35.212Z,64
"male",Mr,Gabriel,Li,1949-02-18T06:58:05.617Z,74
"male",Mr,Simon,Ma,1988-02-10T21:35:17.483Z,35
"female",Miss,Charlotte,Sirko,1946-05-20T13:06:41.222Z,77
"female",Ms,Harper,Ouellet,1947-02-14T06:50:05.765Z,76
"male",Mr,Philip,Thompson,1994-03-24T13:21:43.707Z,29
"female",Mrs,Sofia,Gauthier,1973-07-29T15:36:52.248Z,50
"female",Miss,Camille,Harris,1991-08-01T07:59:39.672Z,32
"female",Miss,Isabella,Morin,1963-05-14T10:41:00.314Z,60
"male",Mr,Theo,Scott,1964-08-08T18:27:07.940Z,59
"female",Ms,Elizabeth,Lavoie,1965-04-27T03:18:39.012Z,58
"female",Miss,Amelia,Gagnon,1981-12-29T09:42:44.073Z,41
"female",Mrs,Alexis,Chu,1982-06-13T10:56:29.377Z,41
"male",Mr,Blake,Ross,1952-01-18T09:42:33.033Z,71
"female",Mrs,Eva,Bergeron,1948-12-05T02:01:39.302Z,74
"male",Mr,Philip,Roy,1999-01-04T02:15:52.676Z,24
"female",Ms,Alexis,Clark,1990-03-27T20:05:36.025Z,33
"male",Mr,Ryan,Lam,1986-01-28T19:31:59.934Z,37
"male",Mr,Oliver,Harcourt,1951-07-04T05:32:55.205Z,72
"female",Miss,Annabelle,Novak,1999-09-07T16:03:40.488Z,23
"male",Mr,Mason,Lam,1990-07-26T14:44:22.496Z,33
"male",Mr,Noah,Grewal,1958-10-25T09:44:34.172Z,64
"male",Mr,Jeremy,Lavigne,1953-12-23T05:35:23.662Z,69
"female",Mrs,Jasmine,Kowalski,1965-01-03T11:24:08.646Z,58
"male",Mr,Arnaud,Williams,1990-04-16T08:00:07.034Z,33
"female",Mrs,Olivia,Harris,1992-11-27T08:09:44.761Z,30
"male",Mr,Tristan,Andersen,1965-05-17T10:29:01.317Z,58
"male",Mr,Jeremy,Lo,1949-04-29T20:26:59.251Z,74
"male",Mr,Nicolas,Wilson,1956-04-10T10:30:45.696Z,67
"female",Ms,Clara,Lavoie,1991-04-12T19:48:18.741Z,32
"male",Mr,Hunter,Lam,1987-11-14T14:30:52.410Z,35
"male",Mr,Vincent,Wilson,1976-11-26T23:17:10.768Z,46
"male",Mr,Leo,Côté,1970-10-28T07:56:21.511Z,52
"female",Ms,Maeva,Denys,2000-09-01T10:41:59.474Z,23
"male",Mr,Dominic,Lavigne,1961-04-29T14:58:35.223Z,62
"male",Mr,Xavier,Martin,1958-12-25T06:56:29.277Z,64
"male",Mr,Noah,Jones,1947-09-06T01:11:36.509Z,75
"female",Miss,Gabrielle,Li,1996-03-22T22:22:34.082Z,27
"female",Mrs,Jasmine,Tremblay,1978-01-19T13:24:39.382Z,45
"male",Mr,Alexis,Ambrose,1992-06-24T18:20:18.849Z,31
"female",Mrs,Annabelle,Ginnish,1995-09-17T00:24:13.889Z,27
"female",Mrs,Noémie,Chan,1946-03-09T12:36:52.386Z,77
"male",Mr,Alexandre,Gagné,1993-06-10T21:03:24.496Z,30
"female",Ms,Sarah,French,1948-12-12T06:08:25.854Z,74
"male",Mr,Louis,Young,1960-05-18T20:11:30.873Z,63
"male",Mr,Maxime,Slawa,1995-07-28T17:47:07.866Z,28
"female",Ms,Aubree,Lo,1989-05-17T12:25:12.999Z,34
"male",Mr,Alexandre,Brar,1980-04-27T17:45:00.887Z,43
"female",Miss,Hailey,Scott,1984-08-08T02:09:23.083Z,39
"female",Ms,Alexis,Barnaby,1999-07-05T22:21:35.057Z,24
"male",Mr,Matthew,Denys,1958-03-15T13:02:35.870Z,65
"female",Miss,Delphine,Ross,1953-10-22T16:51:14.469Z,69
"female",Miss,Maya,Chu,1976-10-12T01:39:24.761Z,46
"female",Mrs,Maya,Fortin,1951-12-27T04:58:17.077Z,71
"female",Mrs,Hannah,Bélanger,1963-06-12T17:39:52.115Z,60
"female",Miss,Megan,Johnson,1962-12-16T16:23:15.585Z,60
"female",Miss,Alexis,Gauthier,1978-10-25T14:15:28.248Z,44
"female",Miss,Emily,Ambrose,1972-06-24T22:59:13.157Z,51
"female",Miss,Charlie,Andersen,1956-01-22T02:00:53.024Z,67
"male",Mr,Theo,Lavigne,1985-05-11T23:03:54.263Z,38
"male",Mr,Hunter,Roy,1986-06-07T22:46:50.655Z,37
"female",Mrs,Marianne,Gauthier,1960-10-10T09:31:28.288Z,62
"male",Mr,Antoine,Singh,1961-09-27T14:52:07.283Z,61
"male",Mr,Noah,Bélanger,1955-12-27T11:35:04.403Z,67
"female",Ms,Emily,Anderson,1982-05-27T23:21:28.276Z,41
"female",Mrs,Emma,Ennis,1969-11-11T14:19:08.632Z,53
"female",Miss,Sophie,Gagné,1980-11-15T21:25:47.329Z,42
"male",Mr,Noah,Mackay,1948-09-08T17:16:21.931Z,74
"male",Mr,Blake,Bélanger,1955-06-07T00:15:07.187Z,68
"male",Mr,Vincent,Ambrose,1980-09-21T19:49:46.622Z,42
"male",Mr,Thomas,Clark,1954-11-19T06:17:12.310Z,68
"female",Ms,Lily,Gill,1960-06-17T22:34:56.079Z,63
"female",Ms,Justine,Taylor,1986-05-04T22:45:30.927Z,37
"female",Mrs,Megan,Roy,1997-11-03T23:20:06.398Z,25
"female",Mrs,Sarah,Gagné,1988-12-26T19:24:57.043Z,34
"male",Mr,Bently,Fortin,2000-11-01T15:55:36.582Z,22
"male",Mr,Simon,Novak,1992-03-09T05:11:10.143Z,31
"male",Mr,Dylan,Lévesque,1977-07-15T14:35:44.533Z,46
"male",Mr,Samuel,Gauthier,1995-02-11T23:38:25.100Z,28
"female",Ms,Emilie,Anderson,1961-06-29T18:17:36.085Z,62
"male",Mr,Noah,Abraham,1996-03-10T01:56:35.221Z,27
"female",Miss,Leanne,Margaret,1959-09-15T17:21:28.603Z,63
"male",Mr,Daniel,Bergeron,1969-01-26T12:07:34.410Z,54
"female",Miss,Abigail,Harcourt,1979-06-17T12:38:40.363Z,44
"female",Miss,Addison,Anderson,1963-09-15T12:39:32.237Z,59
"male",Mr,Tristan,Denys,1963-09-23T20:36:22.908Z,59
"female",Miss,Annabelle,Johnson,1988-08-12T15:41:14.522Z,35
"male",Mr,Adam,Fortin,1948-05-01T18:02:09.285Z,75
"male",Mr,James,Mitchell,1960-11-16T08:10:21.071Z,62
"male",Mr,Liam,Taylor,1976-05-28T15:56:57.325Z,47
"female",Miss,Emma,Bélanger,1970-04-07T15:26:18.103Z,53
"female",Miss,Aubrey,Barnaby,1954-10-21T09:07:09.627Z,68
"male",Mr,Philip,French,1964-08-20T15:46:03.328Z,59
"male",Mr,Anthony,Martin,1982-01-16T13:14:01.234Z,41
"male",Mr,Jack,Liu,1970-05-22T16:10:51.612Z,53
"male",Mr,Owen,Brar,1964-06-16T13:51:08.327Z,59
"female",Miss,Brielle,Abraham,1956-10-19T08:37:07.212Z,66
"male",Mr,Jacob,Thompson,1996-12-08T21:18:03.585Z,26
